cleaned_review,predictions
fun really recommend spotify however pay get premium wich u listen music without ad without wi fi overall great awesome,1
spotify year premium really good listen ad free without app family us family plan use love,1
love listen music english spanish get excellent selection music love spotify,1
able keep playlist changed phone resubscribed spotify real bonus love amount music geared toward easy listening hip hop enjoy thank much good work satisfied happy continue spotify,1
honestly stand free spotify probably bother everyone much oh god might deleted app get premium spotify premium really enjoy everything use pretty much everyday also like weekly playlist found many new song really like premium spotify still best music podcast app able find ever imo,1
sad collecting cd gone away premium spotify allows everything could want without lug around cd binder work great enjoyed many year,1
love app could rate say nine though reason ad soo annoying overall like app various option music find song want,1
extremely happy suggestion smoother transition two song queue basically make time interval two song queue next zero otherwise happy spotify good experience,1
love app show lyric sometimes video also play spotify music alexa make better spotify also play music continually even without paying subscription,1
used napster amazon music say find spotify better app love fade feature importantly car safety feature grumble wish equalizer function like concert etc awesome app happy,1
perfect app great stability streaming premium member year spotify disappoint,1
love app simple use store favorite music wish yearly subscription instead paying monthly,1
stopped using youtube went spotify far le ad music organized easy focus single artist genre,1
five star day long best layout music streaming app filter playlist anyway want alphabetically title favourite update month upgraded family plan,1
using spotify year love music need enjoying prime student,1
personally think app way better pandora using spotify two year range music seems get better better thank creating,1
pretty cool app would better add reduced also better provide original thing know sometimes feel original voice song different provide app,1
music app amazing use app month send wrote notification sing app use low ammount internet play music love thing way play nonstop music contiusely one amazing thing go anytime search bar music u like song show loby automatically many thing see like story cast related book listening work faster add new music app wish nest update add stori,1
personal rating use experience enjoyed listening music spotify give star app good deserves nothing le keep good work worker behind scene good work noticeable u,1
good app l army k pop fan listen song clearly good quality require data also good app one drawback play ad every two song trusfating rather l app,0
could figure repeat option sure library long nice kept playing instead stopping play,1
used spotify ever love much great podcasts walk ofc music wide variety recommend,1
recent listened stuff right top open app jump straight simple brilliant,1
amazing experience spotify especially buying premium removing ad great app highly recommended,1
spotify naturally amazing music platform library lovely hard pressed find something available even given copyright issue international release ui fantastic highly responsive premium user nothing praise honest,1
interesting app allows find song old also latest one surely recommend app used music player,1
one kind among others probably best payment system least nigeria fraught lot difficulty trying pay premium package since last december avail,1
really love app wide selection music podcasts choose also like payment plan premium varied one comfortably choose plan work,1
love app functionality added really thoughtful impressive specially sorting song listen friend also device song playing quality music collection everything awesome kudos app team,1
app restarting playlist beginning instead continuing ex play song middle playlist song go jump back first song playlist smh past week getting old uninstalled reinstalled app back still thing update app working fine year maybe something wrong app,0
best music app different playlist according taste listen app know well stay behind impressing,1
happy spotify music app lot great feature music podcasts choose,1
good far find song like also different language easy find hear favourite song time work love paper work stressful music really get rid stress give star,1
awesome app almost every artist almost every song every artist great able save stuff listening later making personal playlist,1
describe experience able find song selected great app jan thought bona fide aficionado rap circa seems alot learn spotify besides legendary kr one music application new teacer,1
business reviewing apps spotify might favorite thing thing wan na see button shuffle folder playlist like see computer version,0
big fan advertising really enjoy variety artist listening favorite song past present artist gifted aqurboost boom speaker xmas use accompany spotify star app thank bless,1
thing like spotify algorithm suggests new artist music think like based preference seems know musical taste even better use discover weekly playlist get new artist song based musical interest,1
everything music app want find play regardless content culture language pod cast need slight improvement get big thumb,1
like turn device continue listening favorite music go page way continue listening offer great,1
say almost like cracking head find bug almost none except fact really like see stream every song also find difficult upgrade paid plan reject mastercard sometimes,1
doubt music streaming app worth paying premium service second thought coming audiophile fan genre across board love discovery love revisiting old nearly forgotten faves quick search run sentence sorry mr mcguckin old hag,1
really nice app u ask listen song want mean song available general everything,1
great music selection spotify includes hard find group genre like niche folk music little known region like free version app friendly quirky ad,1
premium subscriber many year spotify hand best music streaming service never use anything else,1
think ever run problem spotify use stream music sound quality get premium way worth,1
using app since around would say pretty good complains premium cause going pay mind ad either yea,1
using spotify premium duo love download playlist listen go without needing data bf joined account minimal price difference would recommend anyone couple love discovering sharing music,1
personal experience spotify awesome would change thing love fact family also enjoy wonderful joyful keep good work,1
love option see playlist sometimes close technology rate song playing later able swipe see played click heart,1
new spotify love thinking subscribing music lover amazing,1
easy use especially searching song relation theme love fact artist know accessible,1
love app much favorite song lyric best even arent using lyric lyric go song,1
great library sharing option convenient continue spend many carefree hour listening favorite music continue find previously unknown song artist thanks recommendation,1
nice app listening song disturbing ad song ad come next number song playing thing app small disturb app good use traveling,0
love spotify listen music never knew existed spotify opened ear amazing new music thanks spotify,1
awesome variety music actually like spotify pandora could give spotify higher rating would give perfect,1
far good really enjoying since late december already around plus song play shuffle phone bluetooth speaker p tv surround control phone vibe complaint far,1
whenever new update everytime spotify start crashing show song playing sound tried various method succeed repairing,0
easy use get band album song think always find spotify pleased subscription,1
enjoy listening music spotify random selection music best song played many time,1
spotify awesome found song yet access app easy use making playlist easier fun highly recommend monthly subscription app star,1
loving seems like made many option also like time capsule also show current trending famous indian international easily get name song famous trending apps like insta short video app best app ever saw would like cherry cake give free downloading song bcoz impossible hope could possible one day,1
use app everyday year like create plsylists share definitely worth getting subscription use running workout never issue even change phone would recommend,1
tiny bit slow time otherwise great love download feature driving offline,1
spotify best streaming service download playlist play song choose free favourite part fact create music like follow artist get notified drop song spotify smart enough suggest song would like based listening artist follow end year spotify review listening wrapped fun look back year,1
best ever app use work listening music help especially mood talk friend listen music time also help scrolling bts photo google recommend app,1
everything app good except advertising continuously applying premium everytime payment getting failed,0
great amount wonderful type music fingertip listening immaculate playback time go different genre without problem hassle spotify,1
heard song remembering good memory good new song type music magnificent made feel comfortable relaxed good clear sound like feel flowing throughout body,1
literally best way listen music long willing pay premium would actually use enough useful said using year paying premium,1
double trick u guy prevent ad enjoy song song come end sec left instantly select next going play song left incomplete ad pop case work ad start playing click song come app clear recent tab go also another trick thank later try,0
recent update amazing enhanced playlist actually give really good music ton song lyric attached app used crash regularly experienced crash probably month keep good work,1
best app listening music love many song like song instagram reel song anime kdrama addicted app safe useful app,1
best app easy use work across platform syncs apps easily find recommendation always point new music playlist work well great algorithm,1
outstanding database music like lyric feature look flexibility create play list,1
love app feel like better laptop since could skip song without worrying running skip would love could change mobile laptop skipping song unlimited anyways love app absolutely recommend thank much creator making app one best music apps ever used,1
spotify best music app tried really easy use lot recommended playlist spotify make music explore app easy use even lot people say lot ad play music like new update pay spotify really cheap find spotify easier use pay use spotify everyday day night thank everyone built spotify everyone manages,1
honestly like first opinion subscription affordable love offline dowlading option also like build playlist based taste music spotify wrapped cool sure better option spotify easy use never shown bad app,1
spotify awesome service literally signed joe rogan thinking ever since rogan spotify signed deal adherence contract despite controversy sealed deal user interface app exactly intuitive challenging get back forth queue versus play list versus album looking would maybe suggest multiple tab easy access,0
found music heard since high school really good helping music sure name really good place listen tune,1
great app allows downloads really eclectic taste music podcasts etc covered like say cracking app almost tech issue,1
new easy use loving building library variety medium would like see female writer audio book menu family package excellent fussed digital world really engaging spotify enjoying easy access favourite artist listening new stuff based spotify recommendation,1
find tune search spotify automated playlist hit spot still waiting higher resolution streaming service though,1
love spotify mobile year swear app run better desktop application day user friendly large diversity musician app get day easily used thing phone,1
love able play want want ad free able download song play even service area dislike people using pandora etc listen stupid ad listen played pick thankful spotify,1
still stand limit free acct prem u worth sum awsome thing dont pay cant skip track choose whats playing get frustrating think song search cant even play right np,0
greatest app tp play music using spotify year experienced bug glitch highly recommend spotify,1
would highly recommend app anyone love music everything simple easy use recommending new music really match preference,1
love bc premium lot thing music unlimited music want find song looking type lyric people made album music album,1
youtube rapid uncontrollable descent hedgemonic behaviour belligerent attitude towards user premium subscription bundled music app yt music longer worthy time money luckily spotify turn perfect much better alternative app music streaming better streaming quality upgrade star trivial hope spotify continues improve importantly continues take user opinion seriously,0
spotify everything like listen create playlist mix match music satisfy mood go hit highway wan na hear,1
love finally found app create playlist without ad free date music trend listen others playlist found oldie goody lol thank spotify,1
glad lyric feature back roll long time moreover little ui tweak day day also great enhances experience happy premium member keep minimal great change,1
always great spotify premium user year great friendly user interface always greatest newest music high quality love new blend mode friend yearly review would really need see chat involved friend blend comment communate track,1
really love spotify one top used apps love listen studying play list studying help lot spotify really great app highly recommend u download u already love let sound like overly paid critic,1
really enjoy spotify access much great music even occasional commercial usually amusing spotify excellent option,1
usually great app buggy lately keep freezing stopping refusing play unless restart everything signal issue connected home wifi pretty frustrating,0
round great app well worth paying subscription discover weekly favorite feature discovered many artist love also appreciate ability download song offline use app stood test time like spotify,1
good kind stuff persevering getting easier listen favourite find new music anyone little brainpower love,1
